Name1,Name2,Peptide Sequence,MHC Type,MHC_sequence
TP53_Wildtype,R175H,HMTEVVRRC,HLA-A*02:01,YFAMYGEKVAHTHVDTLYVRYHYYTWAVLAYTWY
TP53_Mutant,R175H,HMTEVVRHC,HLA-A*02:01,YFAMYGEKVAHTHVDTLYVRYHYYTWAVLAYTWY
TP53_Wildtype,Y220C,VVPYEPPEV,HLA-A*02:01,YFAMYGEKVAHTHVDTLYVRYHYYTWAVLAYTWY
TP53_Mutant,Y220C,VVPCEPPEV,HLA-A*02:01,YFAMYGEKVAHTHVDTLYVRYHYYTWAVLAYTWY
TP53_Wildtype,R248W,SSCMGGMNRR,HLA-A*68:01,YYAMYRNNVAQTDVDTLYIMYRDYTWAVWAYTWY
TP53_Mutant,R248W,SSCMGGMNWR,HLA-A*68:01,YYAMYRNNVAQTDVDTLYIMYRDYTWAVWAYTWY
KRAS_Wildtype,G12D,VVVGAGGVGK,HLA-A*11:01,YYAMYQENVAQTDVDTLYIIYRDYTWAAQAYRWY
KRAS_Mutant,G12D,VVVGADGVGK,HLA-A*11:01,YYAMYQENVAQTDVDTLYIIYRDYTWAAQAYRWY
KRAS_Wildtype,G12V,KLVVVGAGGV,HLA-A*02:01,YFAMYGEKVAHTHVDTLYVRYHYYTWAVLAYTWY
KRAS_Mutant,G12V,KLVVVGAVGV,HLA-A*02:01,YFAMYGEKVAHTHVDTLYVRYHYYTWAVLAYTWY
KRAS_Wildtype,G12V,VVVGAGGVGK,HLA-A*03:01,YFAMYQENVAQTDVDTLYIIYRDYTWAELAYTWY
KRAS_Mutant,G12V,VVVGAVGVGK,HLA-A*03:01,YFAMYQENVAQTDVDTLYIIYRDYTWAELAYTWY
KRAS_Wildtype,Q61H,ILDTAGQEEY,HLA-A*01:01,YFAMYQENMAHTDANTLYIIYRDYTWVARVYRGY
KRAS_Mutant,Q61H,ILDTAGHEEY,HLA-A*01:01,YFAMYQENMAHTDANTLYIIYRDYTWVARVYRGY
KRAS_Wildtype,Q61L,ILDTAGQEEY,HLA-A*01:01,YFAMYQENMAHTDANTLYIIYRDYTWVARVYRGY
KRAS_Mutant,Q61L,ILDTAGLEEY,HLA-A*01:01,YFAMYQENMAHTDANTLYIIYRDYTWVARVYRGY
KRAS_Wildtype,Q61R,ILDTAGQEEY,HLA-A*01:01,YFAMYQENMAHTDANTLYIIYRDYTWVARVYRGY
KRAS_Mutant,Q61R,ILDTAGREEY,HLA-A*01:01,YFAMYQENMAHTDANTLYIIYRDYTWVARVYRGY
